species_id,score_family,readiness_status,reason
BCNPPD-0001,UNI,not_ready,PoC workbook suitability/toughness values are candidate display values and are not accepted P4 score inputs.
BCNPPD-0001,PSI,not_ready,PoC workbook suitability/toughness values are candidate display values and are not accepted P4 score inputs.
BCNPPD-0001,RVI,not_ready,PoC workbook suitability/toughness values are candidate display values and are not accepted P4 score inputs.
BCNPPD-0055,UNI,not_ready,PoC workbook suitability/toughness values are candidate display values and are not accepted P4 score inputs.
BCNPPD-0055,PSI,not_ready,PoC workbook suitability/toughness values are candidate display values and are not accepted P4 score inputs.
BCNPPD-0055,RVI,not_ready,PoC workbook suitability/toughness values are candidate display values and are not accepted P4 score inputs.
BCNPPD-0056,UNI,not_ready,PoC workbook suitability/toughness values are candidate display values and are not accepted P4 score inputs.
BCNPPD-0056,PSI,not_ready,PoC workbook suitability/toughness values are candidate display values and are not accepted P4 score inputs.
BCNPPD-0056,RVI,not_ready,PoC workbook suitability/toughness values are candidate display values and are not accepted P4 score inputs.
BCNPPD-0011,UNI,not_ready,PoC workbook suitability/toughness values are candidate display values and are not accepted P4 score inputs.
BCNPPD-0011,PSI,not_ready,PoC workbook suitability/toughness values are candidate display values and are not accepted P4 score inputs.
BCNPPD-0011,RVI,not_ready,PoC workbook suitability/toughness values are candidate display values and are not accepted P4 score inputs.
BCNPPD-0057,UNI,not_ready,PoC workbook suitability/toughness values are candidate display values and are not accepted P4 score inputs.
BCNPPD-0057,PSI,not_ready,PoC workbook suitability/toughness values are candidate display values and are not accepted P4 score inputs.
BCNPPD-0057,RVI,not_ready,PoC workbook suitability/toughness values are candidate display values and are not accepted P4 score inputs.
BCNPPD-0021,UNI,not_ready,PoC workbook suitability/toughness values are candidate display values and are not accepted P4 score inputs.
BCNPPD-0021,PSI,not_ready,PoC workbook suitability/toughness values are candidate display values and are not accepted P4 score inputs.
BCNPPD-0021,RVI,not_ready,PoC workbook suitability/toughness values are candidate display values and are not accepted P4 score inputs.
BCNPPD-0058,UNI,not_ready,PoC workbook suitability/toughness values are candidate display values and are not accepted P4 score inputs.
BCNPPD-0058,PSI,not_ready,PoC workbook suitability/toughness values are candidate display values and are not accepted P4 score inputs.
BCNPPD-0058,RVI,not_ready,PoC workbook suitability/toughness values are candidate display values and are not accepted P4 score inputs.
BCNPPD-0005,UNI,not_ready,PoC workbook suitability/toughness values are candidate display values and are not accepted P4 score inputs.
BCNPPD-0005,PSI,not_ready,PoC workbook suitability/toughness values are candidate display values and are not accepted P4 score inputs.
BCNPPD-0005,RVI,not_ready,PoC workbook suitability/toughness values are candidate display values and are not accepted P4 score inputs.
BCNPPD-0017,UNI,not_ready,PoC workbook suitability/toughness values are candidate display values and are not accepted P4 score inputs.
BCNPPD-0017,PSI,not_ready,PoC workbook suitability/toughness values are candidate display values and are not accepted P4 score inputs.
BCNPPD-0017,RVI,not_ready,PoC workbook suitability/toughness values are candidate display values and are not accepted P4 score inputs.
BCNPPD-0059,UNI,not_ready,PoC workbook suitability/toughness values are candidate display values and are not accepted P4 score inputs.
BCNPPD-0059,PSI,not_ready,PoC workbook suitability/toughness values are candidate display values and are not accepted P4 score inputs.
BCNPPD-0059,RVI,not_ready,PoC workbook suitability/toughness values are candidate display values and are not accepted P4 score inputs.
BCNPPD-0060,UNI,not_ready,PoC workbook suitability/toughness values are candidate display values and are not accepted P4 score inputs.
BCNPPD-0060,PSI,not_ready,PoC workbook suitability/toughness values are candidate display values and are not accepted P4 score inputs.
BCNPPD-0060,RVI,not_ready,PoC workbook suitability/toughness values are candidate display values and are not accepted P4 score inputs.
BCNPPD-0061,UNI,not_ready,PoC workbook suitability/toughness values are candidate display values and are not accepted P4 score inputs.
BCNPPD-0061,PSI,not_ready,PoC workbook suitability/toughness values are candidate display values and are not accepted P4 score inputs.
BCNPPD-0061,RVI,not_ready,PoC workbook suitability/toughness values are candidate display values and are not accepted P4 score inputs.
BCNPPD-0062,UNI,not_ready,PoC workbook suitability/toughness values are candidate display values and are not accepted P4 score inputs.
BCNPPD-0062,PSI,not_ready,PoC workbook suitability/toughness values are candidate display values and are not accepted P4 score inputs.
BCNPPD-0062,RVI,not_ready,PoC workbook suitability/toughness values are candidate display values and are not accepted P4 score inputs.
BCNPPD-0063,UNI,not_ready,PoC workbook suitability/toughness values are candidate display values and are not accepted P4 score inputs.
BCNPPD-0063,PSI,not_ready,PoC workbook suitability/toughness values are candidate display values and are not accepted P4 score inputs.
BCNPPD-0063,RVI,not_ready,PoC workbook suitability/toughness values are candidate display values and are not accepted P4 score inputs.
BCNPPD-0064,UNI,not_ready,PoC workbook suitability/toughness values are candidate display values and are not accepted P4 score inputs.
BCNPPD-0064,PSI,not_ready,PoC workbook suitability/toughness values are candidate display values and are not accepted P4 score inputs.
BCNPPD-0064,RVI,not_ready,PoC workbook suitability/toughness values are candidate display values and are not accepted P4 score inputs.
BCNPPD-0065,UNI,not_ready,PoC workbook suitability/toughness values are candidate display values and are not accepted P4 score inputs.
BCNPPD-0065,PSI,not_ready,PoC workbook suitability/toughness values are candidate display values and are not accepted P4 score inputs.
BCNPPD-0065,RVI,not_ready,PoC workbook suitability/toughness values are candidate display values and are not accepted P4 score inputs.
BCNPPD-0066,UNI,not_ready,PoC workbook suitability/toughness values are candidate display values and are not accepted P4 score inputs.
BCNPPD-0066,PSI,not_ready,PoC workbook suitability/toughness values are candidate display values and are not accepted P4 score inputs.
BCNPPD-0066,RVI,not_ready,PoC workbook suitability/toughness values are candidate display values and are not accepted P4 score inputs.
BCNPPD-0067,UNI,not_ready,PoC workbook suitability/toughness values are candidate display values and are not accepted P4 score inputs.
BCNPPD-0067,PSI,not_ready,PoC workbook suitability/toughness values are candidate display values and are not accepted P4 score inputs.
BCNPPD-0067,RVI,not_ready,PoC workbook suitability/toughness values are candidate display values and are not accepted P4 score inputs.
BCNPPD-0068,UNI,not_ready,PoC workbook suitability/toughness values are candidate display values and are not accepted P4 score inputs.
BCNPPD-0068,PSI,not_ready,PoC workbook suitability/toughness values are candidate display values and are not accepted P4 score inputs.
BCNPPD-0068,RVI,not_ready,PoC workbook suitability/toughness values are candidate display values and are not accepted P4 score inputs.
BCNPPD-0069,UNI,not_ready,PoC workbook suitability/toughness values are candidate display values and are not accepted P4 score inputs.
BCNPPD-0069,PSI,not_ready,PoC workbook suitability/toughness values are candidate display values and are not accepted P4 score inputs.
BCNPPD-0069,RVI,not_ready,PoC workbook suitability/toughness values are candidate display values and are not accepted P4 score inputs.
BCNPPD-0070,UNI,not_ready,PoC workbook suitability/toughness values are candidate display values and are not accepted P4 score inputs.
BCNPPD-0070,PSI,not_ready,PoC workbook suitability/toughness values are candidate display values and are not accepted P4 score inputs.
BCNPPD-0070,RVI,not_ready,PoC workbook suitability/toughness values are candidate display values and are not accepted P4 score inputs.
BCNPPD-0004,UNI,not_ready,PoC workbook suitability/toughness values are candidate display values and are not accepted P4 score inputs.
BCNPPD-0004,PSI,not_ready,PoC workbook suitability/toughness values are candidate display values and are not accepted P4 score inputs.
BCNPPD-0004,RVI,not_ready,PoC workbook suitability/toughness values are candidate display values and are not accepted P4 score inputs.
BCNPPD-0071,UNI,not_ready,PoC workbook suitability/toughness values are candidate display values and are not accepted P4 score inputs.
BCNPPD-0071,PSI,not_ready,PoC workbook suitability/toughness values are candidate display values and are not accepted P4 score inputs.
BCNPPD-0071,RVI,not_ready,PoC workbook suitability/toughness values are candidate display values and are not accepted P4 score inputs.
BCNPPD-0072,UNI,not_ready,PoC workbook suitability/toughness values are candidate display values and are not accepted P4 score inputs.
BCNPPD-0072,PSI,not_ready,PoC workbook suitability/toughness values are candidate display values and are not accepted P4 score inputs.
BCNPPD-0072,RVI,not_ready,PoC workbook suitability/toughness values are candidate display values and are not accepted P4 score inputs.
BCNPPD-0073,UNI,not_ready,PoC workbook suitability/toughness values are candidate display values and are not accepted P4 score inputs.
BCNPPD-0073,PSI,not_ready,PoC workbook suitability/toughness values are candidate display values and are not accepted P4 score inputs.
BCNPPD-0073,RVI,not_ready,PoC workbook suitability/toughness values are candidate display values and are not accepted P4 score inputs.
BCNPPD-0074,UNI,not_ready,PoC workbook suitability/toughness values are candidate display values and are not accepted P4 score inputs.
BCNPPD-0074,PSI,not_ready,PoC workbook suitability/toughness values are candidate display values and are not accepted P4 score inputs.
BCNPPD-0074,RVI,not_ready,PoC workbook suitability/toughness values are candidate display values and are not accepted P4 score inputs.
BCNPPD-0020,UNI,not_ready,PoC workbook suitability/toughness values are candidate display values and are not accepted P4 score inputs.
BCNPPD-0020,PSI,not_ready,PoC workbook suitability/toughness values are candidate display values and are not accepted P4 score inputs.
BCNPPD-0020,RVI,not_ready,PoC workbook suitability/toughness values are candidate display values and are not accepted P4 score inputs.
BCNPPD-0022,UNI,not_ready,PoC workbook suitability/toughness values are candidate display values and are not accepted P4 score inputs.
BCNPPD-0022,PSI,not_ready,PoC workbook suitability/toughness values are candidate display values and are not accepted P4 score inputs.
BCNPPD-0022,RVI,not_ready,PoC workbook suitability/toughness values are candidate display values and are not accepted P4 score inputs.
BCNPPD-0075,UNI,not_ready,PoC workbook suitability/toughness values are candidate display values and are not accepted P4 score inputs.
BCNPPD-0075,PSI,not_ready,PoC workbook suitability/toughness values are candidate display values and are not accepted P4 score inputs.
BCNPPD-0075,RVI,not_ready,PoC workbook suitability/toughness values are candidate display values and are not accepted P4 score inputs.
BCNPPD-0076,UNI,not_ready,PoC workbook suitability/toughness values are candidate display values and are not accepted P4 score inputs.
BCNPPD-0076,PSI,not_ready,PoC workbook suitability/toughness values are candidate display values and are not accepted P4 score inputs.
BCNPPD-0076,RVI,not_ready,PoC workbook suitability/toughness values are candidate display values and are not accepted P4 score inputs.
BCNPPD-0077,UNI,not_ready,PoC workbook suitability/toughness values are candidate display values and are not accepted P4 score inputs.
BCNPPD-0077,PSI,not_ready,PoC workbook suitability/toughness values are candidate display values and are not accepted P4 score inputs.
BCNPPD-0077,RVI,not_ready,PoC workbook suitability/toughness values are candidate display values and are not accepted P4 score inputs.
BCNPPD-0078,UNI,not_ready,PoC workbook suitability/toughness values are candidate display values and are not accepted P4 score inputs.
BCNPPD-0078,PSI,not_ready,PoC workbook suitability/toughness values are candidate display values and are not accepted P4 score inputs.
BCNPPD-0078,RVI,not_ready,PoC workbook suitability/toughness values are candidate display values and are not accepted P4 score inputs.
BCNPPD-0023,UNI,not_ready,PoC workbook suitability/toughness values are candidate display values and are not accepted P4 score inputs.
BCNPPD-0023,PSI,not_ready,PoC workbook suitability/toughness values are candidate display values and are not accepted P4 score inputs.
BCNPPD-0023,RVI,not_ready,PoC workbook suitability/toughness values are candidate display values and are not accepted P4 score inputs.
BCNPPD-0016,UNI,not_ready,PoC workbook suitability/toughness values are candidate display values and are not accepted P4 score inputs.
BCNPPD-0016,PSI,not_ready,PoC workbook suitability/toughness values are candidate display values and are not accepted P4 score inputs.
BCNPPD-0016,RVI,not_ready,PoC workbook suitability/toughness values are candidate display values and are not accepted P4 score inputs.
BCNPPD-0079,UNI,not_ready,PoC workbook suitability/toughness values are candidate display values and are not accepted P4 score inputs.
BCNPPD-0079,PSI,not_ready,PoC workbook suitability/toughness values are candidate display values and are not accepted P4 score inputs.
BCNPPD-0079,RVI,not_ready,PoC workbook suitability/toughness values are candidate display values and are not accepted P4 score inputs.
BCNPPD-0080,UNI,not_ready,PoC workbook suitability/toughness values are candidate display values and are not accepted P4 score inputs.
BCNPPD-0080,PSI,not_ready,PoC workbook suitability/toughness values are candidate display values and are not accepted P4 score inputs.
BCNPPD-0080,RVI,not_ready,PoC workbook suitability/toughness values are candidate display values and are not accepted P4 score inputs.
BCNPPD-0024,UNI,not_ready,PoC workbook suitability/toughness values are candidate display values and are not accepted P4 score inputs.
BCNPPD-0024,PSI,not_ready,PoC workbook suitability/toughness values are candidate display values and are not accepted P4 score inputs.
BCNPPD-0024,RVI,not_ready,PoC workbook suitability/toughness values are candidate display values and are not accepted P4 score inputs.
BCNPPD-0015,UNI,not_ready,PoC workbook suitability/toughness values are candidate display values and are not accepted P4 score inputs.
BCNPPD-0015,PSI,not_ready,PoC workbook suitability/toughness values are candidate display values and are not accepted P4 score inputs.
BCNPPD-0015,RVI,not_ready,PoC workbook suitability/toughness values are candidate display values and are not accepted P4 score inputs.
BCNPPD-0081,UNI,not_ready,PoC workbook suitability/toughness values are candidate display values and are not accepted P4 score inputs.
BCNPPD-0081,PSI,not_ready,PoC workbook suitability/toughness values are candidate display values and are not accepted P4 score inputs.
BCNPPD-0081,RVI,not_ready,PoC workbook suitability/toughness values are candidate display values and are not accepted P4 score inputs.
BCNPPD-0082,UNI,not_ready,PoC workbook suitability/toughness values are candidate display values and are not accepted P4 score inputs.
BCNPPD-0082,PSI,not_ready,PoC workbook suitability/toughness values are candidate display values and are not accepted P4 score inputs.
BCNPPD-0082,RVI,not_ready,PoC workbook suitability/toughness values are candidate display values and are not accepted P4 score inputs.
BCNPPD-0025,UNI,not_ready,PoC workbook suitability/toughness values are candidate display values and are not accepted P4 score inputs.
BCNPPD-0025,PSI,not_ready,PoC workbook suitability/toughness values are candidate display values and are not accepted P4 score inputs.
BCNPPD-0025,RVI,not_ready,PoC workbook suitability/toughness values are candidate display values and are not accepted P4 score inputs.
BCNPPD-0083,UNI,not_ready,PoC workbook suitability/toughness values are candidate display values and are not accepted P4 score inputs.
BCNPPD-0083,PSI,not_ready,PoC workbook suitability/toughness values are candidate display values and are not accepted P4 score inputs.
BCNPPD-0083,RVI,not_ready,PoC workbook suitability/toughness values are candidate display values and are not accepted P4 score inputs.
BCNPPD-0084,UNI,not_ready,PoC workbook suitability/toughness values are candidate display values and are not accepted P4 score inputs.
BCNPPD-0084,PSI,not_ready,PoC workbook suitability/toughness values are candidate display values and are not accepted P4 score inputs.
BCNPPD-0084,RVI,not_ready,PoC workbook suitability/toughness values are candidate display values and are not accepted P4 score inputs.
BCNPPD-0085,UNI,not_ready,PoC workbook suitability/toughness values are candidate display values and are not accepted P4 score inputs.
BCNPPD-0085,PSI,not_ready,PoC workbook suitability/toughness values are candidate display values and are not accepted P4 score inputs.
BCNPPD-0085,RVI,not_ready,PoC workbook suitability/toughness values are candidate display values and are not accepted P4 score inputs.
BCNPPD-0086,UNI,not_ready,PoC workbook suitability/toughness values are candidate display values and are not accepted P4 score inputs.
BCNPPD-0086,PSI,not_ready,PoC workbook suitability/toughness values are candidate display values and are not accepted P4 score inputs.
BCNPPD-0086,RVI,not_ready,PoC workbook suitability/toughness values are candidate display values and are not accepted P4 score inputs.
BCNPPD-0087,UNI,not_ready,PoC workbook suitability/toughness values are candidate display values and are not accepted P4 score inputs.
BCNPPD-0087,PSI,not_ready,PoC workbook suitability/toughness values are candidate display values and are not accepted P4 score inputs.
BCNPPD-0087,RVI,not_ready,PoC workbook suitability/toughness values are candidate display values and are not accepted P4 score inputs.
BCNPPD-0010,UNI,not_ready,PoC workbook suitability/toughness values are candidate display values and are not accepted P4 score inputs.
BCNPPD-0010,PSI,not_ready,PoC workbook suitability/toughness values are candidate display values and are not accepted P4 score inputs.
BCNPPD-0010,RVI,not_ready,PoC workbook suitability/toughness values are candidate display values and are not accepted P4 score inputs.
BCNPPD-0088,UNI,not_ready,PoC workbook suitability/toughness values are candidate display values and are not accepted P4 score inputs.
BCNPPD-0088,PSI,not_ready,PoC workbook suitability/toughness values are candidate display values and are not accepted P4 score inputs.
BCNPPD-0088,RVI,not_ready,PoC workbook suitability/toughness values are candidate display values and are not accepted P4 score inputs.
BCNPPD-0026,UNI,not_ready,PoC workbook suitability/toughness values are candidate display values and are not accepted P4 score inputs.
BCNPPD-0026,PSI,not_ready,PoC workbook suitability/toughness values are candidate display values and are not accepted P4 score inputs.
BCNPPD-0026,RVI,not_ready,PoC workbook suitability/toughness values are candidate display values and are not accepted P4 score inputs.
BCNPPD-0089,UNI,not_ready,PoC workbook suitability/toughness values are candidate display values and are not accepted P4 score inputs.
BCNPPD-0089,PSI,not_ready,PoC workbook suitability/toughness values are candidate display values and are not accepted P4 score inputs.
BCNPPD-0089,RVI,not_ready,PoC workbook suitability/toughness values are candidate display values and are not accepted P4 score inputs.
BCNPPD-0012,UNI,not_ready,PoC workbook suitability/toughness values are candidate display values and are not accepted P4 score inputs.
BCNPPD-0012,PSI,not_ready,PoC workbook suitability/toughness values are candidate display values and are not accepted P4 score inputs.
BCNPPD-0012,RVI,not_ready,PoC workbook suitability/toughness values are candidate display values and are not accepted P4 score inputs.
BCNPPD-0090,UNI,not_ready,PoC workbook suitability/toughness values are candidate display values and are not accepted P4 score inputs.
BCNPPD-0090,PSI,not_ready,PoC workbook suitability/toughness values are candidate display values and are not accepted P4 score inputs.
BCNPPD-0090,RVI,not_ready,PoC workbook suitability/toughness values are candidate display values and are not accepted P4 score inputs.
BCNPPD-0054,UNI,not_ready,PoC workbook suitability/toughness values are candidate display values and are not accepted P4 score inputs.
BCNPPD-0054,PSI,not_ready,PoC workbook suitability/toughness values are candidate display values and are not accepted P4 score inputs.
BCNPPD-0054,RVI,not_ready,PoC workbook suitability/toughness values are candidate display values and are not accepted P4 score inputs.
BCNPPD-0091,UNI,not_ready,PoC workbook suitability/toughness values are candidate display values and are not accepted P4 score inputs.
BCNPPD-0091,PSI,not_ready,PoC workbook suitability/toughness values are candidate display values and are not accepted P4 score inputs.
BCNPPD-0091,RVI,not_ready,PoC workbook suitability/toughness values are candidate display values and are not accepted P4 score inputs.
BCNPPD-0092,UNI,not_ready,PoC workbook suitability/toughness values are candidate display values and are not accepted P4 score inputs.
BCNPPD-0092,PSI,not_ready,PoC workbook suitability/toughness values are candidate display values and are not accepted P4 score inputs.
BCNPPD-0092,RVI,not_ready,PoC workbook suitability/toughness values are candidate display values and are not accepted P4 score inputs.
BCNPPD-0027,UNI,not_ready,PoC workbook suitability/toughness values are candidate display values and are not accepted P4 score inputs.
BCNPPD-0027,PSI,not_ready,PoC workbook suitability/toughness values are candidate display values and are not accepted P4 score inputs.
BCNPPD-0027,RVI,not_ready,PoC workbook suitability/toughness values are candidate display values and are not accepted P4 score inputs.
BCNPPD-0050,UNI,not_ready,PoC workbook suitability/toughness values are candidate display values and are not accepted P4 score inputs.
BCNPPD-0050,PSI,not_ready,PoC workbook suitability/toughness values are candidate display values and are not accepted P4 score inputs.
BCNPPD-0050,RVI,not_ready,PoC workbook suitability/toughness values are candidate display values and are not accepted P4 score inputs.
BCNPPD-0002,UNI,not_ready,PoC workbook suitability/toughness values are candidate display values and are not accepted P4 score inputs.
BCNPPD-0002,PSI,not_ready,PoC workbook suitability/toughness values are candidate display values and are not accepted P4 score inputs.
BCNPPD-0002,RVI,not_ready,PoC workbook suitability/toughness values are candidate display values and are not accepted P4 score inputs.
BCNPPD-0028,UNI,not_ready,PoC workbook suitability/toughness values are candidate display values and are not accepted P4 score inputs.
BCNPPD-0028,PSI,not_ready,PoC workbook suitability/toughness values are candidate display values and are not accepted P4 score inputs.
BCNPPD-0028,RVI,not_ready,PoC workbook suitability/toughness values are candidate display values and are not accepted P4 score inputs.
BCNPPD-0029,UNI,not_ready,PoC workbook suitability/toughness values are candidate display values and are not accepted P4 score inputs.
BCNPPD-0029,PSI,not_ready,PoC workbook suitability/toughness values are candidate display values and are not accepted P4 score inputs.
BCNPPD-0029,RVI,not_ready,PoC workbook suitability/toughness values are candidate display values and are not accepted P4 score inputs.
BCNPPD-0093,UNI,not_ready,PoC workbook suitability/toughness values are candidate display values and are not accepted P4 score inputs.
BCNPPD-0093,PSI,not_ready,PoC workbook suitability/toughness values are candidate display values and are not accepted P4 score inputs.
BCNPPD-0093,RVI,not_ready,PoC workbook suitability/toughness values are candidate display values and are not accepted P4 score inputs.
BCNPPD-0094,UNI,not_ready,PoC workbook suitability/toughness values are candidate display values and are not accepted P4 score inputs.
BCNPPD-0094,PSI,not_ready,PoC workbook suitability/toughness values are candidate display values and are not accepted P4 score inputs.
BCNPPD-0094,RVI,not_ready,PoC workbook suitability/toughness values are candidate display values and are not accepted P4 score inputs.
BCNPPD-0095,UNI,not_ready,PoC workbook suitability/toughness values are candidate display values and are not accepted P4 score inputs.
BCNPPD-0095,PSI,not_ready,PoC workbook suitability/toughness values are candidate display values and are not accepted P4 score inputs.
BCNPPD-0095,RVI,not_ready,PoC workbook suitability/toughness values are candidate display values and are not accepted P4 score inputs.
BCNPPD-0096,UNI,not_ready,PoC workbook suitability/toughness values are candidate display values and are not accepted P4 score inputs.
BCNPPD-0096,PSI,not_ready,PoC workbook suitability/toughness values are candidate display values and are not accepted P4 score inputs.
BCNPPD-0096,RVI,not_ready,PoC workbook suitability/toughness values are candidate display values and are not accepted P4 score inputs.
BCNPPD-0030,UNI,not_ready,PoC workbook suitability/toughness values are candidate display values and are not accepted P4 score inputs.
BCNPPD-0030,PSI,not_ready,PoC workbook suitability/toughness values are candidate display values and are not accepted P4 score inputs.
BCNPPD-0030,RVI,not_ready,PoC workbook suitability/toughness values are candidate display values and are not accepted P4 score inputs.
BCNPPD-0097,UNI,not_ready,PoC workbook suitability/toughness values are candidate display values and are not accepted P4 score inputs.
BCNPPD-0097,PSI,not_ready,PoC workbook suitability/toughness values are candidate display values and are not accepted P4 score inputs.
BCNPPD-0097,RVI,not_ready,PoC workbook suitability/toughness values are candidate display values and are not accepted P4 score inputs.
BCNPPD-0098,UNI,not_ready,PoC workbook suitability/toughness values are candidate display values and are not accepted P4 score inputs.
BCNPPD-0098,PSI,not_ready,PoC workbook suitability/toughness values are candidate display values and are not accepted P4 score inputs.
BCNPPD-0098,RVI,not_ready,PoC workbook suitability/toughness values are candidate display values and are not accepted P4 score inputs.
BCNPPD-0099,UNI,not_ready,PoC workbook suitability/toughness values are candidate display values and are not accepted P4 score inputs.
BCNPPD-0099,PSI,not_ready,PoC workbook suitability/toughness values are candidate display values and are not accepted P4 score inputs.
BCNPPD-0099,RVI,not_ready,PoC workbook suitability/toughness values are candidate display values and are not accepted P4 score inputs.
BCNPPD-0031,UNI,not_ready,PoC workbook suitability/toughness values are candidate display values and are not accepted P4 score inputs.
BCNPPD-0031,PSI,not_ready,PoC workbook suitability/toughness values are candidate display values and are not accepted P4 score inputs.
BCNPPD-0031,RVI,not_ready,PoC workbook suitability/toughness values are candidate display values and are not accepted P4 score inputs.
BCNPPD-0100,UNI,not_ready,PoC workbook suitability/toughness values are candidate display values and are not accepted P4 score inputs.
BCNPPD-0100,PSI,not_ready,PoC workbook suitability/toughness values are candidate display values and are not accepted P4 score inputs.
BCNPPD-0100,RVI,not_ready,PoC workbook suitability/toughness values are candidate display values and are not accepted P4 score inputs.
BCNPPD-0101,UNI,not_ready,PoC workbook suitability/toughness values are candidate display values and are not accepted P4 score inputs.
BCNPPD-0101,PSI,not_ready,PoC workbook suitability/toughness values are candidate display values and are not accepted P4 score inputs.
BCNPPD-0101,RVI,not_ready,PoC workbook suitability/toughness values are candidate display values and are not accepted P4 score inputs.
BCNPPD-0102,UNI,not_ready,PoC workbook suitability/toughness values are candidate display values and are not accepted P4 score inputs.
BCNPPD-0102,PSI,not_ready,PoC workbook suitability/toughness values are candidate display values and are not accepted P4 score inputs.
BCNPPD-0102,RVI,not_ready,PoC workbook suitability/toughness values are candidate display values and are not accepted P4 score inputs.
BCNPPD-0103,UNI,not_ready,PoC workbook suitability/toughness values are candidate display values and are not accepted P4 score inputs.
BCNPPD-0103,PSI,not_ready,PoC workbook suitability/toughness values are candidate display values and are not accepted P4 score inputs.
BCNPPD-0103,RVI,not_ready,PoC workbook suitability/toughness values are candidate display values and are not accepted P4 score inputs.
BCNPPD-0104,UNI,not_ready,PoC workbook suitability/toughness values are candidate display values and are not accepted P4 score inputs.
BCNPPD-0104,PSI,not_ready,PoC workbook suitability/toughness values are candidate display values and are not accepted P4 score inputs.
BCNPPD-0104,RVI,not_ready,PoC workbook suitability/toughness values are candidate display values and are not accepted P4 score inputs.
BCNPPD-0105,UNI,not_ready,PoC workbook suitability/toughness values are candidate display values and are not accepted P4 score inputs.
BCNPPD-0105,PSI,not_ready,PoC workbook suitability/toughness values are candidate display values and are not accepted P4 score inputs.
BCNPPD-0105,RVI,not_ready,PoC workbook suitability/toughness values are candidate display values and are not accepted P4 score inputs.
BCNPPD-0106,UNI,not_ready,PoC workbook suitability/toughness values are candidate display values and are not accepted P4 score inputs.
BCNPPD-0106,PSI,not_ready,PoC workbook suitability/toughness values are candidate display values and are not accepted P4 score inputs.
BCNPPD-0106,RVI,not_ready,PoC workbook suitability/toughness values are candidate display values and are not accepted P4 score inputs.
BCNPPD-0107,UNI,not_ready,PoC workbook suitability/toughness values are candidate display values and are not accepted P4 score inputs.
BCNPPD-0107,PSI,not_ready,PoC workbook suitability/toughness values are candidate display values and are not accepted P4 score inputs.
BCNPPD-0107,RVI,not_ready,PoC workbook suitability/toughness values are candidate display values and are not accepted P4 score inputs.
BCNPPD-0108,UNI,not_ready,PoC workbook suitability/toughness values are candidate display values and are not accepted P4 score inputs.
BCNPPD-0108,PSI,not_ready,PoC workbook suitability/toughness values are candidate display values and are not accepted P4 score inputs.
BCNPPD-0108,RVI,not_ready,PoC workbook suitability/toughness values are candidate display values and are not accepted P4 score inputs.
BCNPPD-0032,UNI,not_ready,PoC workbook suitability/toughness values are candidate display values and are not accepted P4 score inputs.
BCNPPD-0032,PSI,not_ready,PoC workbook suitability/toughness values are candidate display values and are not accepted P4 score inputs.
BCNPPD-0032,RVI,not_ready,PoC workbook suitability/toughness values are candidate display values and are not accepted P4 score inputs.
BCNPPD-0013,UNI,not_ready,PoC workbook suitability/toughness values are candidate display values and are not accepted P4 score inputs.
BCNPPD-0013,PSI,not_ready,PoC workbook suitability/toughness values are candidate display values and are not accepted P4 score inputs.
BCNPPD-0013,RVI,not_ready,PoC workbook suitability/toughness values are candidate display values and are not accepted P4 score inputs.
BCNPPD-0033,UNI,not_ready,PoC workbook suitability/toughness values are candidate display values and are not accepted P4 score inputs.
BCNPPD-0033,PSI,not_ready,PoC workbook suitability/toughness values are candidate display values and are not accepted P4 score inputs.
BCNPPD-0033,RVI,not_ready,PoC workbook suitability/toughness values are candidate display values and are not accepted P4 score inputs.
BCNPPD-0034,UNI,not_ready,PoC workbook suitability/toughness values are candidate display values and are not accepted P4 score inputs.
BCNPPD-0034,PSI,not_ready,PoC workbook suitability/toughness values are candidate display values and are not accepted P4 score inputs.
BCNPPD-0034,RVI,not_ready,PoC workbook suitability/toughness values are candidate display values and are not accepted P4 score inputs.
BCNPPD-0018,UNI,not_ready,PoC workbook suitability/toughness values are candidate display values and are not accepted P4 score inputs.
BCNPPD-0018,PSI,not_ready,PoC workbook suitability/toughness values are candidate display values and are not accepted P4 score inputs.
BCNPPD-0018,RVI,not_ready,PoC workbook suitability/toughness values are candidate display values and are not accepted P4 score inputs.
BCNPPD-0019,UNI,not_ready,PoC workbook suitability/toughness values are candidate display values and are not accepted P4 score inputs.
BCNPPD-0019,PSI,not_ready,PoC workbook suitability/toughness values are candidate display values and are not accepted P4 score inputs.
BCNPPD-0019,RVI,not_ready,PoC workbook suitability/toughness values are candidate display values and are not accepted P4 score inputs.
BCNPPD-0035,UNI,not_ready,PoC workbook suitability/toughness values are candidate display values and are not accepted P4 score inputs.
BCNPPD-0035,PSI,not_ready,PoC workbook suitability/toughness values are candidate display values and are not accepted P4 score inputs.
BCNPPD-0035,RVI,not_ready,PoC workbook suitability/toughness values are candidate display values and are not accepted P4 score inputs.
BCNPPD-0053,UNI,not_ready,PoC workbook suitability/toughness values are candidate display values and are not accepted P4 score inputs.
BCNPPD-0053,PSI,not_ready,PoC workbook suitability/toughness values are candidate display values and are not accepted P4 score inputs.
BCNPPD-0053,RVI,not_ready,PoC workbook suitability/toughness values are candidate display values and are not accepted P4 score inputs.
BCNPPD-0109,UNI,not_ready,PoC workbook suitability/toughness values are candidate display values and are not accepted P4 score inputs.
BCNPPD-0109,PSI,not_ready,PoC workbook suitability/toughness values are candidate display values and are not accepted P4 score inputs.
BCNPPD-0109,RVI,not_ready,PoC workbook suitability/toughness values are candidate display values and are not accepted P4 score inputs.
BCNPPD-0110,UNI,not_ready,PoC workbook suitability/toughness values are candidate display values and are not accepted P4 score inputs.
BCNPPD-0110,PSI,not_ready,PoC workbook suitability/toughness values are candidate display values and are not accepted P4 score inputs.
BCNPPD-0110,RVI,not_ready,PoC workbook suitability/toughness values are candidate display values and are not accepted P4 score inputs.
BCNPPD-0111,UNI,not_ready,PoC workbook suitability/toughness values are candidate display values and are not accepted P4 score inputs.
BCNPPD-0111,PSI,not_ready,PoC workbook suitability/toughness values are candidate display values and are not accepted P4 score inputs.
BCNPPD-0111,RVI,not_ready,PoC workbook suitability/toughness values are candidate display values and are not accepted P4 score inputs.
BCNPPD-0112,UNI,not_ready,PoC workbook suitability/toughness values are candidate display values and are not accepted P4 score inputs.
BCNPPD-0112,PSI,not_ready,PoC workbook suitability/toughness values are candidate display values and are not accepted P4 score inputs.
BCNPPD-0112,RVI,not_ready,PoC workbook suitability/toughness values are candidate display values and are not accepted P4 score inputs.
BCNPPD-0113,UNI,not_ready,PoC workbook suitability/toughness values are candidate display values and are not accepted P4 score inputs.
BCNPPD-0113,PSI,not_ready,PoC workbook suitability/toughness values are candidate display values and are not accepted P4 score inputs.
BCNPPD-0113,RVI,not_ready,PoC workbook suitability/toughness values are candidate display values and are not accepted P4 score inputs.
BCNPPD-0114,UNI,not_ready,PoC workbook suitability/toughness values are candidate display values and are not accepted P4 score inputs.
BCNPPD-0114,PSI,not_ready,PoC workbook suitability/toughness values are candidate display values and are not accepted P4 score inputs.
BCNPPD-0114,RVI,not_ready,PoC workbook suitability/toughness values are candidate display values and are not accepted P4 score inputs.
BCNPPD-0115,UNI,not_ready,PoC workbook suitability/toughness values are candidate display values and are not accepted P4 score inputs.
BCNPPD-0115,PSI,not_ready,PoC workbook suitability/toughness values are candidate display values and are not accepted P4 score inputs.
BCNPPD-0115,RVI,not_ready,PoC workbook suitability/toughness values are candidate display values and are not accepted P4 score inputs.
BCNPPD-0036,UNI,not_ready,PoC workbook suitability/toughness values are candidate display values and are not accepted P4 score inputs.
BCNPPD-0036,PSI,not_ready,PoC workbook suitability/toughness values are candidate display values and are not accepted P4 score inputs.
BCNPPD-0036,RVI,not_ready,PoC workbook suitability/toughness values are candidate display values and are not accepted P4 score inputs.
BCNPPD-0116,UNI,not_ready,PoC workbook suitability/toughness values are candidate display values and are not accepted P4 score inputs.
BCNPPD-0116,PSI,not_ready,PoC workbook suitability/toughness values are candidate display values and are not accepted P4 score inputs.
BCNPPD-0116,RVI,not_ready,PoC workbook suitability/toughness values are candidate display values and are not accepted P4 score inputs.
BCNPPD-0117,UNI,not_ready,PoC workbook suitability/toughness values are candidate display values and are not accepted P4 score inputs.
BCNPPD-0117,PSI,not_ready,PoC workbook suitability/toughness values are candidate display values and are not accepted P4 score inputs.
BCNPPD-0117,RVI,not_ready,PoC workbook suitability/toughness values are candidate display values and are not accepted P4 score inputs.
BCNPPD-0118,UNI,not_ready,PoC workbook suitability/toughness values are candidate display values and are not accepted P4 score inputs.
BCNPPD-0118,PSI,not_ready,PoC workbook suitability/toughness values are candidate display values and are not accepted P4 score inputs.
BCNPPD-0118,RVI,not_ready,PoC workbook suitability/toughness values are candidate display values and are not accepted P4 score inputs.
BCNPPD-0119,UNI,not_ready,PoC workbook suitability/toughness values are candidate display values and are not accepted P4 score inputs.
BCNPPD-0119,PSI,not_ready,PoC workbook suitability/toughness values are candidate display values and are not accepted P4 score inputs.
BCNPPD-0119,RVI,not_ready,PoC workbook suitability/toughness values are candidate display values and are not accepted P4 score inputs.
BCNPPD-0120,UNI,not_ready,PoC workbook suitability/toughness values are candidate display values and are not accepted P4 score inputs.
BCNPPD-0120,PSI,not_ready,PoC workbook suitability/toughness values are candidate display values and are not accepted P4 score inputs.
BCNPPD-0120,RVI,not_ready,PoC workbook suitability/toughness values are candidate display values and are not accepted P4 score inputs.
BCNPPD-0121,UNI,not_ready,PoC workbook suitability/toughness values are candidate display values and are not accepted P4 score inputs.
BCNPPD-0121,PSI,not_ready,PoC workbook suitability/toughness values are candidate display values and are not accepted P4 score inputs.
BCNPPD-0121,RVI,not_ready,PoC workbook suitability/toughness values are candidate display values and are not accepted P4 score inputs.
BCNPPD-0122,UNI,not_ready,PoC workbook suitability/toughness values are candidate display values and are not accepted P4 score inputs.
BCNPPD-0122,PSI,not_ready,PoC workbook suitability/toughness values are candidate display values and are not accepted P4 score inputs.
BCNPPD-0122,RVI,not_ready,PoC workbook suitability/toughness values are candidate display values and are not accepted P4 score inputs.
BCNPPD-0037,UNI,not_ready,PoC workbook suitability/toughness values are candidate display values and are not accepted P4 score inputs.
BCNPPD-0037,PSI,not_ready,PoC workbook suitability/toughness values are candidate display values and are not accepted P4 score inputs.
BCNPPD-0037,RVI,not_ready,PoC workbook suitability/toughness values are candidate display values and are not accepted P4 score inputs.
BCNPPD-0123,UNI,not_ready,PoC workbook suitability/toughness values are candidate display values and are not accepted P4 score inputs.
BCNPPD-0123,PSI,not_ready,PoC workbook suitability/toughness values are candidate display values and are not accepted P4 score inputs.
BCNPPD-0123,RVI,not_ready,PoC workbook suitability/toughness values are candidate display values and are not accepted P4 score inputs.
BCNPPD-0014,UNI,not_ready,PoC workbook suitability/toughness values are candidate display values and are not accepted P4 score inputs.
BCNPPD-0014,PSI,not_ready,PoC workbook suitability/toughness values are candidate display values and are not accepted P4 score inputs.
BCNPPD-0014,RVI,not_ready,PoC workbook suitability/toughness values are candidate display values and are not accepted P4 score inputs.
BCNPPD-0124,UNI,not_ready,PoC workbook suitability/toughness values are candidate display values and are not accepted P4 score inputs.
BCNPPD-0124,PSI,not_ready,PoC workbook suitability/toughness values are candidate display values and are not accepted P4 score inputs.
BCNPPD-0124,RVI,not_ready,PoC workbook suitability/toughness values are candidate display values and are not accepted P4 score inputs.
BCNPPD-0125,UNI,not_ready,PoC workbook suitability/toughness values are candidate display values and are not accepted P4 score inputs.
BCNPPD-0125,PSI,not_ready,PoC workbook suitability/toughness values are candidate display values and are not accepted P4 score inputs.
BCNPPD-0125,RVI,not_ready,PoC workbook suitability/toughness values are candidate display values and are not accepted P4 score inputs.
BCNPPD-0126,UNI,not_ready,PoC workbook suitability/toughness values are candidate display values and are not accepted P4 score inputs.
BCNPPD-0126,PSI,not_ready,PoC workbook suitability/toughness values are candidate display values and are not accepted P4 score inputs.
BCNPPD-0126,RVI,not_ready,PoC workbook suitability/toughness values are candidate display values and are not accepted P4 score inputs.
BCNPPD-0127,UNI,not_ready,PoC workbook suitability/toughness values are candidate display values and are not accepted P4 score inputs.
BCNPPD-0127,PSI,not_ready,PoC workbook suitability/toughness values are candidate display values and are not accepted P4 score inputs.
BCNPPD-0127,RVI,not_ready,PoC workbook suitability/toughness values are candidate display values and are not accepted P4 score inputs.
BCNPPD-0003,UNI,not_ready,PoC workbook suitability/toughness values are candidate display values and are not accepted P4 score inputs.
BCNPPD-0003,PSI,not_ready,PoC workbook suitability/toughness values are candidate display values and are not accepted P4 score inputs.
BCNPPD-0003,RVI,not_ready,PoC workbook suitability/toughness values are candidate display values and are not accepted P4 score inputs.
BCNPPD-0052,UNI,not_ready,PoC workbook suitability/toughness values are candidate display values and are not accepted P4 score inputs.
BCNPPD-0052,PSI,not_ready,PoC workbook suitability/toughness values are candidate display values and are not accepted P4 score inputs.
BCNPPD-0052,RVI,not_ready,PoC workbook suitability/toughness values are candidate display values and are not accepted P4 score inputs.
BCNPPD-0128,UNI,not_ready,PoC workbook suitability/toughness values are candidate display values and are not accepted P4 score inputs.
BCNPPD-0128,PSI,not_ready,PoC workbook suitability/toughness values are candidate display values and are not accepted P4 score inputs.
BCNPPD-0128,RVI,not_ready,PoC workbook suitability/toughness values are candidate display values and are not accepted P4 score inputs.
BCNPPD-0129,UNI,not_ready,PoC workbook suitability/toughness values are candidate display values and are not accepted P4 score inputs.
BCNPPD-0129,PSI,not_ready,PoC workbook suitability/toughness values are candidate display values and are not accepted P4 score inputs.
BCNPPD-0129,RVI,not_ready,PoC workbook suitability/toughness values are candidate display values and are not accepted P4 score inputs.
BCNPPD-0038,UNI,not_ready,PoC workbook suitability/toughness values are candidate display values and are not accepted P4 score inputs.
BCNPPD-0038,PSI,not_ready,PoC workbook suitability/toughness values are candidate display values and are not accepted P4 score inputs.
BCNPPD-0038,RVI,not_ready,PoC workbook suitability/toughness values are candidate display values and are not accepted P4 score inputs.
BCNPPD-0039,UNI,not_ready,PoC workbook suitability/toughness values are candidate display values and are not accepted P4 score inputs.
BCNPPD-0039,PSI,not_ready,PoC workbook suitability/toughness values are candidate display values and are not accepted P4 score inputs.
BCNPPD-0039,RVI,not_ready,PoC workbook suitability/toughness values are candidate display values and are not accepted P4 score inputs.
BCNPPD-0040,UNI,not_ready,PoC workbook suitability/toughness values are candidate display values and are not accepted P4 score inputs.
BCNPPD-0040,PSI,not_ready,PoC workbook suitability/toughness values are candidate display values and are not accepted P4 score inputs.
BCNPPD-0040,RVI,not_ready,PoC workbook suitability/toughness values are candidate display values and are not accepted P4 score inputs.
BCNPPD-0041,UNI,not_ready,PoC workbook suitability/toughness values are candidate display values and are not accepted P4 score inputs.
BCNPPD-0041,PSI,not_ready,PoC workbook suitability/toughness values are candidate display values and are not accepted P4 score inputs.
BCNPPD-0041,RVI,not_ready,PoC workbook suitability/toughness values are candidate display values and are not accepted P4 score inputs.
BCNPPD-0042,UNI,not_ready,PoC workbook suitability/toughness values are candidate display values and are not accepted P4 score inputs.
BCNPPD-0042,PSI,not_ready,PoC workbook suitability/toughness values are candidate display values and are not accepted P4 score inputs.
BCNPPD-0042,RVI,not_ready,PoC workbook suitability/toughness values are candidate display values and are not accepted P4 score inputs.
BCNPPD-0043,UNI,not_ready,PoC workbook suitability/toughness values are candidate display values and are not accepted P4 score inputs.
BCNPPD-0043,PSI,not_ready,PoC workbook suitability/toughness values are candidate display values and are not accepted P4 score inputs.
BCNPPD-0043,RVI,not_ready,PoC workbook suitability/toughness values are candidate display values and are not accepted P4 score inputs.
BCNPPD-0130,UNI,not_ready,PoC workbook suitability/toughness values are candidate display values and are not accepted P4 score inputs.
BCNPPD-0130,PSI,not_ready,PoC workbook suitability/toughness values are candidate display values and are not accepted P4 score inputs.
BCNPPD-0130,RVI,not_ready,PoC workbook suitability/toughness values are candidate display values and are not accepted P4 score inputs.
BCNPPD-0131,UNI,not_ready,PoC workbook suitability/toughness values are candidate display values and are not accepted P4 score inputs.
BCNPPD-0131,PSI,not_ready,PoC workbook suitability/toughness values are candidate display values and are not accepted P4 score inputs.
BCNPPD-0131,RVI,not_ready,PoC workbook suitability/toughness values are candidate display values and are not accepted P4 score inputs.
BCNPPD-0132,UNI,not_ready,PoC workbook suitability/toughness values are candidate display values and are not accepted P4 score inputs.
BCNPPD-0132,PSI,not_ready,PoC workbook suitability/toughness values are candidate display values and are not accepted P4 score inputs.
BCNPPD-0132,RVI,not_ready,PoC workbook suitability/toughness values are candidate display values and are not accepted P4 score inputs.
BCNPPD-0133,UNI,not_ready,PoC workbook suitability/toughness values are candidate display values and are not accepted P4 score inputs.
BCNPPD-0133,PSI,not_ready,PoC workbook suitability/toughness values are candidate display values and are not accepted P4 score inputs.
BCNPPD-0133,RVI,not_ready,PoC workbook suitability/toughness values are candidate display values and are not accepted P4 score inputs.
BCNPPD-0134,UNI,not_ready,PoC workbook suitability/toughness values are candidate display values and are not accepted P4 score inputs.
BCNPPD-0134,PSI,not_ready,PoC workbook suitability/toughness values are candidate display values and are not accepted P4 score inputs.
BCNPPD-0134,RVI,not_ready,PoC workbook suitability/toughness values are candidate display values and are not accepted P4 score inputs.
BCNPPD-0135,UNI,not_ready,PoC workbook suitability/toughness values are candidate display values and are not accepted P4 score inputs.
BCNPPD-0135,PSI,not_ready,PoC workbook suitability/toughness values are candidate display values and are not accepted P4 score inputs.
BCNPPD-0135,RVI,not_ready,PoC workbook suitability/toughness values are candidate display values and are not accepted P4 score inputs.
BCNPPD-0051,UNI,not_ready,PoC workbook suitability/toughness values are candidate display values and are not accepted P4 score inputs.
BCNPPD-0051,PSI,not_ready,PoC workbook suitability/toughness values are candidate display values and are not accepted P4 score inputs.
BCNPPD-0051,RVI,not_ready,PoC workbook suitability/toughness values are candidate display values and are not accepted P4 score inputs.
BCNPPD-0136,UNI,not_ready,PoC workbook suitability/toughness values are candidate display values and are not accepted P4 score inputs.
BCNPPD-0136,PSI,not_ready,PoC workbook suitability/toughness values are candidate display values and are not accepted P4 score inputs.
BCNPPD-0136,RVI,not_ready,PoC workbook suitability/toughness values are candidate display values and are not accepted P4 score inputs.
BCNPPD-0137,UNI,not_ready,PoC workbook suitability/toughness values are candidate display values and are not accepted P4 score inputs.
BCNPPD-0137,PSI,not_ready,PoC workbook suitability/toughness values are candidate display values and are not accepted P4 score inputs.
BCNPPD-0137,RVI,not_ready,PoC workbook suitability/toughness values are candidate display values and are not accepted P4 score inputs.
BCNPPD-0138,UNI,not_ready,PoC workbook suitability/toughness values are candidate display values and are not accepted P4 score inputs.
BCNPPD-0138,PSI,not_ready,PoC workbook suitability/toughness values are candidate display values and are not accepted P4 score inputs.
BCNPPD-0138,RVI,not_ready,PoC workbook suitability/toughness values are candidate display values and are not accepted P4 score inputs.
BCNPPD-0139,UNI,not_ready,PoC workbook suitability/toughness values are candidate display values and are not accepted P4 score inputs.
BCNPPD-0139,PSI,not_ready,PoC workbook suitability/toughness values are candidate display values and are not accepted P4 score inputs.
BCNPPD-0139,RVI,not_ready,PoC workbook suitability/toughness values are candidate display values and are not accepted P4 score inputs.
BCNPPD-0140,UNI,not_ready,PoC workbook suitability/toughness values are candidate display values and are not accepted P4 score inputs.
BCNPPD-0140,PSI,not_ready,PoC workbook suitability/toughness values are candidate display values and are not accepted P4 score inputs.
BCNPPD-0140,RVI,not_ready,PoC workbook suitability/toughness values are candidate display values and are not accepted P4 score inputs.
BCNPPD-0141,UNI,not_ready,PoC workbook suitability/toughness values are candidate display values and are not accepted P4 score inputs.
BCNPPD-0141,PSI,not_ready,PoC workbook suitability/toughness values are candidate display values and are not accepted P4 score inputs.
BCNPPD-0141,RVI,not_ready,PoC workbook suitability/toughness values are candidate display values and are not accepted P4 score inputs.
BCNPPD-0142,UNI,not_ready,PoC workbook suitability/toughness values are candidate display values and are not accepted P4 score inputs.
BCNPPD-0142,PSI,not_ready,PoC workbook suitability/toughness values are candidate display values and are not accepted P4 score inputs.
BCNPPD-0142,RVI,not_ready,PoC workbook suitability/toughness values are candidate display values and are not accepted P4 score inputs.
BCNPPD-0143,UNI,not_ready,PoC workbook suitability/toughness values are candidate display values and are not accepted P4 score inputs.
BCNPPD-0143,PSI,not_ready,PoC workbook suitability/toughness values are candidate display values and are not accepted P4 score inputs.
BCNPPD-0143,RVI,not_ready,PoC workbook suitability/toughness values are candidate display values and are not accepted P4 score inputs.
BCNPPD-0144,UNI,not_ready,PoC workbook suitability/toughness values are candidate display values and are not accepted P4 score inputs.
BCNPPD-0144,PSI,not_ready,PoC workbook suitability/toughness values are candidate display values and are not accepted P4 score inputs.
BCNPPD-0144,RVI,not_ready,PoC workbook suitability/toughness values are candidate display values and are not accepted P4 score inputs.
BCNPPD-0145,UNI,not_ready,PoC workbook suitability/toughness values are candidate display values and are not accepted P4 score inputs.
BCNPPD-0145,PSI,not_ready,PoC workbook suitability/toughness values are candidate display values and are not accepted P4 score inputs.
BCNPPD-0145,RVI,not_ready,PoC workbook suitability/toughness values are candidate display values and are not accepted P4 score inputs.
BCNPPD-0146,UNI,not_ready,PoC workbook suitability/toughness values are candidate display values and are not accepted P4 score inputs.
BCNPPD-0146,PSI,not_ready,PoC workbook suitability/toughness values are candidate display values and are not accepted P4 score inputs.
BCNPPD-0146,RVI,not_ready,PoC workbook suitability/toughness values are candidate display values and are not accepted P4 score inputs.
BCNPPD-0044,UNI,not_ready,PoC workbook suitability/toughness values are candidate display values and are not accepted P4 score inputs.
BCNPPD-0044,PSI,not_ready,PoC workbook suitability/toughness values are candidate display values and are not accepted P4 score inputs.
BCNPPD-0044,RVI,not_ready,PoC workbook suitability/toughness values are candidate display values and are not accepted P4 score inputs.
BCNPPD-0147,UNI,not_ready,PoC workbook suitability/toughness values are candidate display values and are not accepted P4 score inputs.
BCNPPD-0147,PSI,not_ready,PoC workbook suitability/toughness values are candidate display values and are not accepted P4 score inputs.
BCNPPD-0147,RVI,not_ready,PoC workbook suitability/toughness values are candidate display values and are not accepted P4 score inputs.
BCNPPD-0148,UNI,not_ready,PoC workbook suitability/toughness values are candidate display values and are not accepted P4 score inputs.
BCNPPD-0148,PSI,not_ready,PoC workbook suitability/toughness values are candidate display values and are not accepted P4 score inputs.
BCNPPD-0148,RVI,not_ready,PoC workbook suitability/toughness values are candidate display values and are not accepted P4 score inputs.
BCNPPD-0149,UNI,not_ready,PoC workbook suitability/toughness values are candidate display values and are not accepted P4 score inputs.
BCNPPD-0149,PSI,not_ready,PoC workbook suitability/toughness values are candidate display values and are not accepted P4 score inputs.
BCNPPD-0149,RVI,not_ready,PoC workbook suitability/toughness values are candidate display values and are not accepted P4 score inputs.
BCNPPD-0150,UNI,not_ready,PoC workbook suitability/toughness values are candidate display values and are not accepted P4 score inputs.
BCNPPD-0150,PSI,not_ready,PoC workbook suitability/toughness values are candidate display values and are not accepted P4 score inputs.
BCNPPD-0150,RVI,not_ready,PoC workbook suitability/toughness values are candidate display values and are not accepted P4 score inputs.
BCNPPD-0151,UNI,not_ready,PoC workbook suitability/toughness values are candidate display values and are not accepted P4 score inputs.
BCNPPD-0151,PSI,not_ready,PoC workbook suitability/toughness values are candidate display values and are not accepted P4 score inputs.
BCNPPD-0151,RVI,not_ready,PoC workbook suitability/toughness values are candidate display values and are not accepted P4 score inputs.
BCNPPD-0152,UNI,not_ready,PoC workbook suitability/toughness values are candidate display values and are not accepted P4 score inputs.
BCNPPD-0152,PSI,not_ready,PoC workbook suitability/toughness values are candidate display values and are not accepted P4 score inputs.
BCNPPD-0152,RVI,not_ready,PoC workbook suitability/toughness values are candidate display values and are not accepted P4 score inputs.
BCNPPD-0045,UNI,not_ready,PoC workbook suitability/toughness values are candidate display values and are not accepted P4 score inputs.
BCNPPD-0045,PSI,not_ready,PoC workbook suitability/toughness values are candidate display values and are not accepted P4 score inputs.
BCNPPD-0045,RVI,not_ready,PoC workbook suitability/toughness values are candidate display values and are not accepted P4 score inputs.
BCNPPD-0046,UNI,not_ready,PoC workbook suitability/toughness values are candidate display values and are not accepted P4 score inputs.
BCNPPD-0046,PSI,not_ready,PoC workbook suitability/toughness values are candidate display values and are not accepted P4 score inputs.
BCNPPD-0046,RVI,not_ready,PoC workbook suitability/toughness values are candidate display values and are not accepted P4 score inputs.
BCNPPD-0006,UNI,not_ready,PoC workbook suitability/toughness values are candidate display values and are not accepted P4 score inputs.
BCNPPD-0006,PSI,not_ready,PoC workbook suitability/toughness values are candidate display values and are not accepted P4 score inputs.
BCNPPD-0006,RVI,not_ready,PoC workbook suitability/toughness values are candidate display values and are not accepted P4 score inputs.
BCNPPD-0153,UNI,not_ready,PoC workbook suitability/toughness values are candidate display values and are not accepted P4 score inputs.
BCNPPD-0153,PSI,not_ready,PoC workbook suitability/toughness values are candidate display values and are not accepted P4 score inputs.
BCNPPD-0153,RVI,not_ready,PoC workbook suitability/toughness values are candidate display values and are not accepted P4 score inputs.
BCNPPD-0007,UNI,not_ready,PoC workbook suitability/toughness values are candidate display values and are not accepted P4 score inputs.
BCNPPD-0007,PSI,not_ready,PoC workbook suitability/toughness values are candidate display values and are not accepted P4 score inputs.
BCNPPD-0007,RVI,not_ready,PoC workbook suitability/toughness values are candidate display values and are not accepted P4 score inputs.
BCNPPD-0154,UNI,not_ready,PoC workbook suitability/toughness values are candidate display values and are not accepted P4 score inputs.
BCNPPD-0154,PSI,not_ready,PoC workbook suitability/toughness values are candidate display values and are not accepted P4 score inputs.
BCNPPD-0154,RVI,not_ready,PoC workbook suitability/toughness values are candidate display values and are not accepted P4 score inputs.
BCNPPD-0155,UNI,not_ready,PoC workbook suitability/toughness values are candidate display values and are not accepted P4 score inputs.
BCNPPD-0155,PSI,not_ready,PoC workbook suitability/toughness values are candidate display values and are not accepted P4 score inputs.
BCNPPD-0155,RVI,not_ready,PoC workbook suitability/toughness values are candidate display values and are not accepted P4 score inputs.
BCNPPD-0156,UNI,not_ready,PoC workbook suitability/toughness values are candidate display values and are not accepted P4 score inputs.
BCNPPD-0156,PSI,not_ready,PoC workbook suitability/toughness values are candidate display values and are not accepted P4 score inputs.
BCNPPD-0156,RVI,not_ready,PoC workbook suitability/toughness values are candidate display values and are not accepted P4 score inputs.
BCNPPD-0157,UNI,not_ready,PoC workbook suitability/toughness values are candidate display values and are not accepted P4 score inputs.
BCNPPD-0157,PSI,not_ready,PoC workbook suitability/toughness values are candidate display values and are not accepted P4 score inputs.
BCNPPD-0157,RVI,not_ready,PoC workbook suitability/toughness values are candidate display values and are not accepted P4 score inputs.
BCNPPD-0047,UNI,not_ready,PoC workbook suitability/toughness values are candidate display values and are not accepted P4 score inputs.
BCNPPD-0047,PSI,not_ready,PoC workbook suitability/toughness values are candidate display values and are not accepted P4 score inputs.
BCNPPD-0047,RVI,not_ready,PoC workbook suitability/toughness values are candidate display values and are not accepted P4 score inputs.
BCNPPD-0048,UNI,not_ready,PoC workbook suitability/toughness values are candidate display values and are not accepted P4 score inputs.
BCNPPD-0048,PSI,not_ready,PoC workbook suitability/toughness values are candidate display values and are not accepted P4 score inputs.
BCNPPD-0048,RVI,not_ready,PoC workbook suitability/toughness values are candidate display values and are not accepted P4 score inputs.
BCNPPD-0158,UNI,not_ready,PoC workbook suitability/toughness values are candidate display values and are not accepted P4 score inputs.
BCNPPD-0158,PSI,not_ready,PoC workbook suitability/toughness values are candidate display values and are not accepted P4 score inputs.
BCNPPD-0158,RVI,not_ready,PoC workbook suitability/toughness values are candidate display values and are not accepted P4 score inputs.
BCNPPD-0049,UNI,not_ready,PoC workbook suitability/toughness values are candidate display values and are not accepted P4 score inputs.
BCNPPD-0049,PSI,not_ready,PoC workbook suitability/toughness values are candidate display values and are not accepted P4 score inputs.
BCNPPD-0049,RVI,not_ready,PoC workbook suitability/toughness values are candidate display values and are not accepted P4 score inputs.
BCNPPD-0008,UNI,not_ready,PoC workbook suitability/toughness values are candidate display values and are not accepted P4 score inputs.
BCNPPD-0008,PSI,not_ready,PoC workbook suitability/toughness values are candidate display values and are not accepted P4 score inputs.
BCNPPD-0008,RVI,not_ready,PoC workbook suitability/toughness values are candidate display values and are not accepted P4 score inputs.
BCNPPD-0009,UNI,not_ready,PoC workbook suitability/toughness values are candidate display values and are not accepted P4 score inputs.
BCNPPD-0009,PSI,not_ready,PoC workbook suitability/toughness values are candidate display values and are not accepted P4 score inputs.
BCNPPD-0009,RVI,not_ready,PoC workbook suitability/toughness values are candidate display values and are not accepted P4 score inputs.
BCNPPD-0159,UNI,not_ready,PoC workbook suitability/toughness values are candidate display values and are not accepted P4 score inputs.
BCNPPD-0159,PSI,not_ready,PoC workbook suitability/toughness values are candidate display values and are not accepted P4 score inputs.
BCNPPD-0159,RVI,not_ready,PoC workbook suitability/toughness values are candidate display values and are not accepted P4 score inputs.
BCNPPD-0160,UNI,not_ready,PoC workbook suitability/toughness values are candidate display values and are not accepted P4 score inputs.
BCNPPD-0160,PSI,not_ready,PoC workbook suitability/toughness values are candidate display values and are not accepted P4 score inputs.
BCNPPD-0160,RVI,not_ready,PoC workbook suitability/toughness values are candidate display values and are not accepted P4 score inputs.
BCNPPD-0161,UNI,not_ready,PoC workbook suitability/toughness values are candidate display values and are not accepted P4 score inputs.
BCNPPD-0161,PSI,not_ready,PoC workbook suitability/toughness values are candidate display values and are not accepted P4 score inputs.
BCNPPD-0161,RVI,not_ready,PoC workbook suitability/toughness values are candidate display values and are not accepted P4 score inputs.
BCNPPD-0162,UNI,not_ready,PoC workbook suitability/toughness values are candidate display values and are not accepted P4 score inputs.
BCNPPD-0162,PSI,not_ready,PoC workbook suitability/toughness values are candidate display values and are not accepted P4 score inputs.
BCNPPD-0162,RVI,not_ready,PoC workbook suitability/toughness values are candidate display values and are not accepted P4 score inputs.
BCNPPD-0163,UNI,not_ready,PoC workbook suitability/toughness values are candidate display values and are not accepted P4 score inputs.
BCNPPD-0163,PSI,not_ready,PoC workbook suitability/toughness values are candidate display values and are not accepted P4 score inputs.
BCNPPD-0163,RVI,not_ready,PoC workbook suitability/toughness values are candidate display values and are not accepted P4 score inputs.
BCNPPD-0164,UNI,not_ready,PoC workbook suitability/toughness values are candidate display values and are not accepted P4 score inputs.
BCNPPD-0164,PSI,not_ready,PoC workbook suitability/toughness values are candidate display values and are not accepted P4 score inputs.
BCNPPD-0164,RVI,not_ready,PoC workbook suitability/toughness values are candidate display values and are not accepted P4 score inputs.
BCNPPD-0165,UNI,not_ready,PoC workbook suitability/toughness values are candidate display values and are not accepted P4 score inputs.
BCNPPD-0165,PSI,not_ready,PoC workbook suitability/toughness values are candidate display values and are not accepted P4 score inputs.
BCNPPD-0165,RVI,not_ready,PoC workbook suitability/toughness values are candidate display values and are not accepted P4 score inputs.
BCNPPD-0166,UNI,not_ready,PoC workbook suitability/toughness values are candidate display values and are not accepted P4 score inputs.
BCNPPD-0166,PSI,not_ready,PoC workbook suitability/toughness values are candidate display values and are not accepted P4 score inputs.
BCNPPD-0166,RVI,not_ready,PoC workbook suitability/toughness values are candidate display values and are not accepted P4 score inputs.
